0,0,0,0,0,0,0,0,0,0,0,0,0,0.0,0.0,0.0,0.0,1
34,630,0,0,4,8,0,0,0,0,0,18,0,172.4,0.0,0.0,17.2,2
0,0,0,0,0,0,0,0,0,0,0,0,0,0.0,0.0,0.0,0.0,3
19,360,0,0,3,4,0,0,0,0,0,0,0,109.6,19.6,21.0,15.1,4
0,0,0,0,0,0,0,0,0,0,0,0,0,0.0,0.0,0.0,0.0,5
0,0,0,0,0,0,0,0,0,0,0,0,0,0.0,0.0,0.0,0.0,6
33,630,0,1,4,8,0,0,0,1,0,0,0,78.4,124.4,113.0,31.6,7
9,297,0,0,1,5,0,0,0,0,0,0,0,64.8,37.6,31.0,13.3,8
0,0,0,0,0,0,0,0,0,0,0,0,0,0.0,0.0,0.0,0.0,9
41,630,1,0,4,8,0,0,0,0,0,0,0,205.0,65.3,43.0,31.4,10
6,246,0,0,1,7,0,0,0,1,0,0,0,51.6,29.6,18.0,9.9,11
26,450,0,0,4,1,0,0,0,0,0,0,0,138.2,38.4,69.0,24.6,12
35,515,0,2,4,4,0,0,0,1,0,0,0,127.4,103.9,84.0,31.6,13
15,272,0,2,2,3,0,0,0,1,0,0,0,64.0,154.8,129.0,34.9,14
3,46,0,0,0,0,0,0,0,0,0,0,0,2.0,1.2,2.0,0.5,15
9,367,0,0,1,8,0,0,0,1,0,0,0,55.8,226.5,66.0,34.8,16
0,0,0,0,0,0,0,0,0,0,0,0,0,0.0,0.0,0.0,0.0,17
27,494,1,2,4,3,0,0,0,0,0,0,0,123.0,95.3,199.0,41.8,18
10,314,0,0,0,11,0,0,0,0,0,0,0,86.8,102.5,81.0,26.8,19
2,68,0,0,0,2,0,0,0,0,0,0,0,3.8,5.4,8.0,1.8,20
13,160,1,0,2,0,0,0,0,0,0,0,0,61.0,76.3,55.0,19.2,21
9,173,0,1,1,3,0,0,0,1,0,0,0,41.4,64.3,23.0,12.8,22
25,610,0,2,4,8,0,0,0,1,0,0,0,121.8,217.3,91.0,43.0,23
0,0,0,0,0,0,0,0,0,0,0,0,0,0.0,0.0,0.0,0.0,24
11,133,1,0,0,1,0,0,0,0,0,0,0,48.4,76.4,65.0,19.0,25
27,400,3,1,2,8,0,0,0,1,0,0,0,144.6,77.5,189.0,41.1,26
0,0,0,0,0,0,0,0,0,0,0,0,0,0.0,0.0,0.0,0.0,27
32,487,4,0,4,5,0,0,0,0,0,0,0,168.2,111.3,264.0,54.2,28
20,630,0,0,1,11,0,0,0,0,0,24,0,165.0,0.0,0.0,16.4,29
0,0,0,0,0,0,0,0,0,0,0,0,0,0.0,0.0,0.0,0.0,30
0,0,0,0,0,0,0,0,0,0,0,0,0,0.0,0.0,0.0,0.0,31
11,394,0,0,1,5,0,0,0,1,0,0,0,95.6,12.2,20.0,12.7,32
4,371,0,0,0,9,0,0,0,2,0,0,0,73.6,23.3,47.0,14.4,33
25,630,1,1,1,11,0,0,0,0,0,0,0,154.6,116.7,45.0,31.6,34
12,550,0,0,1,10,0,0,0,1,0,0,0,85.4,66.1,10.0,16.2,35
0,135,0,0,0,4,0,0,0,1,0,0,0,22.6,0.3,2.0,2.5,36
0,0,0,0,0,0,0,0,0,0,0,0,0,0.0,0.0,0.0,0.0,37
17,622,0,0,1,11,0,0,0,1,0,0,0,153.0,19.0,29.0,20.1,38
8,450,0,0,0,9,0,0,0,2,0,0,0,62.8,39.6,34.0,13.8,39
6,233,0,0,1,4,0,0,0,1,0,0,0,22.8,74.0,79.0,17.2,40
21,540,1,0,1,8,0,0,0,0,0,0,0,139.4,69.3,47.0,25.6,41
4,177,0,0,1,2,0,0,0,1,0,0,0,32.2,31.4,48.0,11.1,42
7,271,0,0,0,7,0,0,0,0,0,0,0,36.2,20.6,28.0,8.5,43
0,0,0,0,0,0,0,0,0,0,0,0,0,0.0,0.0,0.0,0.0,44
13,292,0,2,0,3,0,0,0,0,0,0,0,70.2,115.7,52.0,23.7,45
3,90,0,0,1,0,0,0,0,0,0,0,0,20.4,17.6,26.0,6.4,46
8,270,0,0,0,5,0,0,0,0,0,0,0,18.6,55.6,69.0,14.3,47
0,0,0,0,0,0,0,0,0,0,0,0,0,0.0,0.0,0.0,0.0,48
7,177,0,0,0,3,0,0,0,0,0,0,0,13.8,20.6,67.0,10.1,49
4,39,0,0,0,2,0,0,0,0,0,0,0,4.2,4.1,29.0,3.8,50
19,618,1,0,1,10,0,0,0,0,0,0,0,96.4,102.7,229.0,42.8,51
17,431,1,0,2,7,0,0,0,0,0,0,0,52.0,68.9,111.0,22.9,52
0,0,0,0,0,0,0,0,0,0,0,0,0,0.0,0.0,0.0,0.0,53
24,630,0,0,2,9,0,0,0,0,0,19,0,126.6,0.0,0.0,12.6,54
16,630,0,0,2,9,1,0,0,0,0,0,0,171.6,28.0,92.0,29.2,55
19,630,0,0,2,9,0,0,0,2,0,0,0,197.2,22.5,160.0,38.0,56
0,0,0,0,0,0,0,0,0,0,0,0,0,0.0,0.0,0.0,0.0,57
17,466,0,0,2,6,0,0,0,1,0,0,0,84.8,39.1,2.0,12.7,58
1,90,0,0,0,2,0,0,0,0,0,0,0,15.8,2.2,2.0,2.0,59
3,163,0,0,0,3,0,0,0,0,0,0,0,28.8,4.7,2.0,3.6,60
0,0,0,0,0,0,0,0,0,0,0,0,0,0.0,0.0,0.0,0.0,61
12,381,0,0,2,3,0,0,0,1,0,0,0,47.4,102.7,64.0,21.4,62
19,630,0,1,2,9,0,0,0,0,0,0,0,128.4,50.9,75.0,25.5,63
0,0,0,0,0,0,0,0,0,0,0,0,0,0.0,0.0,0.0,0.0,64
0,0,0,0,0,0,0,0,0,0,0,0,0,0.0,0.0,0.0,0.0,65
23,597,1,1,2,9,0,0,0,1,0,0,0,140.8,98.1,126.0,36.6,66
0,0,0,0,0,0,0,0,0,0,0,0,0,0.0,0.0,0.0,0.0,67
0,0,0,0,0,0,0,0,0,0,0,0,0,0.0,0.0,0.0,0.0,68
6,166,0,0,0,4,0,0,0,0,0,0,0,11.8,15.5,24.0,5.1,69
36,587,2,2,2,9,0,0,0,1,0,0,0,165.8,249.9,67.0,48.2,70
5,129,0,0,0,4,0,0,0,1,0,0,0,0.6,17.2,17.0,3.1,71
26,435,2,1,2,3,0,0,0,0,0,0,0,110.4,24.3,104.0,23.7,72
0,0,0,0,0,0,0,0,0,0,0,0,0,0.0,0.0,0.0,0.0,73
8,305,0,0,0,4,0,0,0,0,0,8,0,53.4,0.0,0.0,5.3,74
0,0,0,0,0,0,0,0,0,0,0,0,0,0.0,0.0,0.0,0.0,75
28,630,0,1,3,5,0,0,0,0,0,0,0,150.0,44.7,3.0,20.0,76
25,630,0,0,3,5,0,0,0,1,0,0,0,238.0,23.4,119.0,38.1,77
41,630,1,1,3,5,0,0,0,0,0,0,0,190.8,100.1,30.0,32.1,78
24,630,0,0,3,5,0,0,0,1,0,0,0,243.0,4.7,23.0,27.3,79
0,0,0,0,0,0,0,0,0,0,0,0,0,0.0,0.0,0.0,0.0,80
0,0,0,0,0,0,0,0,0,0,0,0,0,0.0,0.0,0.0,0.0,81
16,361,1,0,2,3,0,0,0,3,0,0,0,54.2,23.7,43.0,12.1,82
0,0,0,0,0,0,0,0,0,0,0,0,0,0.0,0.0,0.0,0.0,83
10,370,0,0,1,4,0,0,0,0,0,0,0,27.6,56.8,8.0,9.2,84
19,591,0,1,3,4,0,0,0,1,0,0,0,112.2,70.6,3.0,18.6,85
16,340,1,0,2,3,0,0,0,0,0,0,0,45.4,54.9,67.0,16.8,86
25,617,0,2,3,5,0,0,0,2,0,0,0,120.2,230.1,85.0,43.6,87
3,20,0,0,0,0,0,0,0,0,0,0,0,4.8,10.4,0.0,1.5,88
2,27,0,0,0,1,0,0,0,0,0,0,0,0.0,0.6,10.0,0.8,89
18,630,0,1,3,5,0,0,0,2,0,0,0,174.8,56.6,26.0,25.8,90
19,302,2,0,1,4,0,0,0,0,0,0,0,75.2,31.2,101.0,20.8,91
20,455,1,1,3,5,0,0,0,1,0,0,0,42.8,42.2,116.0,19.7,92
5,118,0,0,0,0,0,0,0,1,0,0,0,7.4,7.9,33.0,4.3,93
30,630,0,0,3,6,0,0,0,0,0,17,0,123.6,0.0,0.0,12.5,94
0,0,0,0,0,0,0,0,0,0,0,0,0,0.0,0.0,0.0,0.0,95
0,0,0,0,0,0,0,0,0,0,0,0,0,0.0,0.0,0.0,0.0,96
41,630,0,4,3,6,0,0,0,1,0,0,0,200.8,96.5,39.0,33.7,97
7,224,0,0,1,4,0,0,0,0,1,0,0,39.2,2.2,0.0,4.1,98
15,540,0,0,1,7,0,0,0,0,0,0,0,158.4,8.0,24.0,19.0,99
32,598,2,0,2,6,0,0,0,3,0,0,0,199.6,103.5,125.0,42.8,100
21,446,1,1,2,5,0,0,0,2,1,0,0,103.0,18.6,41.0,16.2,101
21,431,0,0,3,2,0,0,0,1,0,0,0,64.0,61.2,78.0,20.4,102
22,540,0,1,2,6,0,0,0,2,0,0,0,135.0,16.6,9.0,16.1,103
5,121,0,0,0,1,0,0,0,0,0,0,0,21.0,43.7,42.0,10.7,104
18,449,1,0,2,5,0,0,0,0,1,0,0,107.8,240.5,47.0,39.6,105
20,479,0,1,4,4,0,0,0,0,0,0,0,84.6,160.0,116.0,36.0,106
23,630,0,1,6,2,0,0,0,0,0,0,0,123.2,65.5,31.0,22.0,107
8,347,0,0,0,10,0,0,0,0,0,0,0,58.8,71.7,67.0,19.8,108
19,278,1,1,2,2,0,0,0,0,0,0,0,63.0,64.2,81.0,21.0,109
0,0,0,0,0,0,0,0,0,0,0,0,0,0.0,0.0,0.0,0.0,110
24,630,1,0,3,6,0,0,0,1,0,0,0,173.6,152.0,50.0,37.6,111
12,429,0,0,3,7,0,0,0,1,0,0,0,77.4,26.0,93.0,19.6,112
2,98,0,0,0,4,1,0,0,0,0,0,0,4.6,11.1,27.0,4.3,113
0,0,0,0,0,0,0,0,0,0,0,0,0,0.0,0.0,0.0,0.0,114
19,630,0,0,0,17,0,0,0,0,0,28,0,197.2,0.0,0.0,19.7,115
0,0,0,0,0,0,0,0,0,0,0,0,0,0.0,0.0,0.0,0.0,116
4,142,0,0,0,2,0,0,0,0,0,0,0,17.4,0.9,9.0,2.7,117
7,540,0,0,0,13,0,0,0,1,0,0,0,131.8,34.4,124.0,29.0,118
4,540,0,0,0,12,1,0,0,2,0,0,0,100.4,80.3,32.0,21.3,119
0,49,0,0,0,2,0,0,0,0,0,0,0,6.8,0.3,33.0,4.0,120
0,90,0,0,0,4,0,0,0,0,0,0,0,40.0,0.3,0.0,4.0,121
0,0,0,0,0,0,0,0,0,0,0,0,0,0.0,0.0,0.0,0.0,122
5,343,0,0,0,10,0,0,0,1,0,0,0,66.0,55.6,48.0,17.0,123
3,398,0,0,0,14,0,0,0,1,0,0,0,70.2,69.4,39.0,18.0,124
9,534,0,0,0,14,0,0,0,4,0,0,0,41.0,92.2,77.0,20.9,125
2,90,0,0,0,3,0,0,0,0,0,0,0,12.0,12.5,46.0,7.1,126
7,277,0,0,0,5,0,0,0,1,0,0,0,10.0,23.6,54.0,8.6,127
3,109,0,0,0,2,0,0,0,0,0,0,0,1.8,30.4,10.0,4.2,128
7,358,0,0,0,8,0,0,0,2,0,0,0,58.0,153.7,54.0,26.6,129
4,103,0,0,0,5,0,0,0,0,0,0,0,14.2,25.9,23.0,6.3,130
13,585,0,0,0,15,0,0,0,0,0,0,0,84.8,139.6,89.0,31.5,131
9,379,0,0,0,14,0,0,0,0,0,0,0,62.6,46.2,8.0,11.7,132
0,0,0,0,0,0,0,0,0,0,0,0,0,0.0,0.0,0.0,0.0,133
9,521,0,0,0,11,0,0,0,3,0,0,0,18.8,63.4,133.0,21.3,134
20,630,0,0,1,12,0,0,0,0,0,21,0,155.2,10.0,0.0,16.5,135
0,0,0,0,0,0,0,0,0,0,0,0,0,0.0,0.0,0.0,0.0,136
0,0,0,0,0,0,0,0,0,0,0,0,0,0.0,0.0,0.0,0.0,137
13,630,0,0,1,12,0,0,0,1,0,0,0,101.6,153.1,4.0,26.0,138
0,0,0,0,0,0,0,0,0,0,0,0,0,0.0,0.0,0.0,0.0,139
10,352,0,0,1,7,0,0,0,0,0,0,0,80.0,2.8,6.0,8.9,140
0,0,0,0,0,0,0,0,0,0,0,0,0,0.0,0.0,0.0,0.0,141
0,0,0,0,0,0,0,0,0,0,0,0,0,0.0,0.0,0.0,0.0,142
13,555,0,0,1,11,0,0,0,2,0,0,0,163.0,13.5,59.0,23.6,143
5,270,0,0,0,4,0,0,0,0,0,0,0,43.0,33.9,53.0,13.0,144
1,14,0,0,0,0,0,0,0,0,0,0,0,9.2,14.5,0.0,2.4,145
14,540,0,0,1,11,0,0,0,0,0,0,0,166.4,16.0,10.0,19.3,146
0,0,0,0,0,0,0,0,0,0,0,0,0,0.0,0.0,0.0,0.0,147
2,21,0,0,0,3,0,0,0,0,0,0,0,4.8,2.2,6.0,1.3,148
0,0,0,0,0,0,0,0,0,0,0,0,0,0.0,0.0,0.0,0.0,149
0,0,0,0,0,0,0,0,0,0,0,0,0,0.0,0.0,0.0,0.0,150
14,540,0,0,2,8,0,0,0,0,0,0,0,116.6,45.2,68.0,23.1,151
2,46,0,0,0,0,0,0,0,0,0,0,0,18.2,11.5,0.0,3.0,152
1,7,0,0,0,0,0,0,0,0,0,0,0,2.0,10.5,20.0,3.3,153
9,509,0,0,1,10,0,0,0,1,1,0,0,93.8,45.0,18.0,15.6,154
13,604,0,0,1,9,0,0,0,2,0,0,0,100.8,48.2,28.0,17.7,155
14,301,0,2,1,4,0,0,0,2,0,0,0,39.4,24.7,39.0,10.2,156
0,0,0,0,0,0,0,0,0,0,0,0,0,0.0,0.0,0.0,0.0,157
4,187,0,0,0,4,0,0,0,0,0,0,0,10.8,19.0,19.0,4.8,158
16,447,0,2,1,7,0,0,0,1,0,0,0,58.4,137.1,183.0,37.7,159
7,215,0,0,1,7,0,0,0,0,0,0,0,3.2,13.1,63.0,7.5,160
23,521,2,0,1,8,0,0,0,3,0,0,0,102.8,139.2,147.0,38.7,161
0,0,0,0,0,0,0,0,0,0,0,0,0,0.0,0.0,0.0,0.0,162
34,630,0,0,4,7,0,0,0,0,0,19,0,140.6,0.0,0.0,14.1,163
32,630,0,0,4,7,0,0,0,1,0,0,0,236.0,21.4,26.0,28.4,164
32,571,0,0,5,4,0,0,0,0,0,0,0,96.8,21.4,7.0,12.4,165
23,596,0,0,3,7,0,0,0,1,0,0,0,95.2,112.4,13.0,22.2,166
1,1,0,0,0,0,0,0,0,0,0,0,0,4.0,0.0,0.0,0.4,167
0,0,0,0,0,0,0,0,0,0,0,0,0,0.0,0.0,0.0,0.0,168
0,0,0,0,0,0,0,0,0,0,0,0,0,0.0,0.0,0.0,0.0,169
0,0,0,0,0,0,0,0,0,0,0,0,0,0.0,0.0,0.0,0.0,170
32,630,0,1,4,7,0,0,0,1,0,0,0,148.6,11.5,49.0,20.9,171
28,600,1,1,4,6,0,0,0,0,0,0,0,200.4,218.1,81.0,50.0,172
10,335,0,0,1,6,0,0,0,1,0,0,0,23.4,42.4,66.0,13.1,173
6,168,0,0,1,3,0,0,0,0,0,0,0,36.0,4.9,0.0,4.1,174
11,361,0,0,3,3,0,0,0,2,0,0,0,58.6,43.8,14.0,11.7,175
0,0,0,0,0,0,0,0,0,0,0,0,0,0.0,0.0,0.0,0.0,176
0,0,0,0,0,0,0,0,0,0,0,0,0,0.0,0.0,0.0,0.0,177
1,8,0,0,0,1,0,0,0,0,0,0,0,0.8,0.0,0.0,0.1,178
0,0,0,0,0,0,0,0,0,0,0,0,0,0.0,0.0,0.0,0.0,179
0,0,0,0,0,0,0,0,0,0,0,0,0,0.0,0.0,0.0,0.0,180
20,573,0,1,4,6,0,0,0,1,0,0,0,58.4,59.6,61.0,17.6,181
18,630,0,0,4,7,0,0,0,0,0,0,0,65.6,97.1,215.0,37.8,182
3,123,0,0,1,0,0,0,0,2,0,0,0,11.0,23.3,27.0,6.1,183
4,152,0,0,0,1,0,0,0,0,0,0,0,17.6,12.0,9.0,3.7,184
0,0,0,0,0,0,0,0,0,0,0,0,0,0.0,0.0,0.0,0.0,185
7,57,0,1,0,0,0,0,0,0,0,0,0,22.4,14.0,6.0,4.2,186
14,277,1,0,1,5,0,0,0,0,0,0,0,62.4,61.2,64.0,18.8,187
17,355,2,0,3,2,0,0,0,2,0,0,0,101.2,43.8,114.0,25.9,188
33,630,0,0,2,12,0,1,0,1,0,26,0,196.4,0.0,0.0,19.7,189
0,0,0,0,0,0,0,0,0,0,0,0,0,0.0,0.0,0.0,0.0,190
15,630,0,0,2,12,0,0,0,2,0,0,0,157.4,22.5,12.0,19.1,191
17,450,0,0,2,8,0,0,0,0,0,0,0,90.8,68.2,11.0,17.1,192
17,630,0,0,2,12,0,0,0,0,0,0,0,157.8,20.9,4.0,18.3,193
0,0,0,0,0,0,0,0,0,0,0,0,0,0.0,0.0,0.0,0.0,194
0,0,0,0,0,0,0,0,0,0,0,0,0,0.0,0.0,0.0,0.0,195
3,180,0,0,0,4,0,0,0,0,0,0,0,49.6,6.2,2.0,5.8,196
1,45,0,0,0,1,0,0,0,0,0,0,0,7.0,0.0,0.0,0.7,197
33,630,1,2,2,12,0,0,0,0,0,0,0,231.0,29.0,47.0,30.6,198
25,525,0,3,1,11,0,0,0,0,0,0,0,93.8,127.7,176.0,39.8,199
16,498,0,1,2,9,0,0,0,1,0,0,0,72.0,117.1,23.0,21.1,200
11,300,0,1,0,7,0,0,0,0,0,0,0,32.0,35.3,30.0,9.8,201
0,0,0,0,0,0,0,0,0,0,0,0,0,0.0,0.0,0.0,0.0,202
12,222,0,1,1,4,0,0,0,0,0,0,0,25.2,55.7,47.0,12.7,203
1,18,0,0,0,2,0,0,0,0,0,0,0,5.4,0.3,0.0,0.6,204
0,0,0,0,0,0,0,0,0,0,0,0,0,0.0,0.0,0.0,0.0,205
14,630,0,0,2,12,0,0,0,2,0,0,0,116.6,26.9,35.0,17.7,206
0,0,0,0,0,0,0,0,0,0,0,0,0,0.0,0.0,0.0,0.0,207
1,45,0,0,0,0,0,0,0,0,0,0,0,22.8,0.3,2.0,2.5,208
38,606,5,0,2,11,0,0,1,1,0,0,0,200.4,76.5,282.0,56.0,209
0,0,0,0,0,0,0,0,0,0,0,0,0,0.0,0.0,0.0,0.0,210
22,367,3,0,2,5,0,0,0,1,0,0,0,116.2,56.8,116.0,28.8,211
5,91,0,0,0,2,0,0,0,0,0,0,0,7.8,14.0,59.0,7.9,212
19,540,0,0,1,12,0,1,0,2,0,19,0,140.0,0.0,0.0,14.0,213
6,90,0,0,1,0,0,0,0,0,0,0,0,1.8,0.0,0.0,0.2,214
9,361,0,0,1,6,0,0,0,2,0,0,0,81.2,12.2,43.0,13.6,215
14,450,0,1,1,11,0,0,0,0,0,0,0,102.2,127.5,57.0,28.7,216
0,0,0,0,0,0,0,0,0,0,0,0,0,0.0,0.0,0.0,0.0,217
19,361,0,1,2,4,0,0,0,2,0,0,0,104.8,96.5,0.0,20.1,218
18,630,0,0,2,12,0,0,0,1,0,0,0,145.0,44.2,30.0,21.9,219
9,270,0,0,1,6,0,0,0,0,0,0,0,61.0,23.4,2.0,8.6,220
0,180,0,0,0,9,0,0,0,0,0,0,0,20.0,0.7,4.0,2.5,221
11,242,0,0,1,4,0,0,0,0,0,0,0,58.4,110.6,59.0,22.8,222
1,270,0,0,0,8,0,0,0,2,0,0,0,61.0,118.0,28.0,20.7,223
0,0,0,0,0,0,0,0,0,0,0,0,0,0.0,0.0,0.0,0.0,224
20,540,1,0,2,11,0,0,0,1,0,0,0,132.6,125.3,43.0,30.3,225
25,246,2,1,0,4,0,0,0,0,0,0,0,151.4,187.4,145.0,48.4,226
15,426,0,2,1,11,0,0,0,2,0,0,0,104.0,107.1,68.0,28.0,227
0,0,0,0,0,0,0,0,0,0,0,0,0,0.0,0.0,0.0,0.0,228
0,0,0,0,0,0,0,0,0,0,0,0,0,0.0,0.0,0.0,0.0,229
22,362,3,0,2,9,0,0,0,1,1,0,0,130.4,76.3,205.0,41.0,230
1,6,0,0,0,0,0,0,0,0,0,0,0,3.2,11.3,0.0,1.5,231
13,487,0,0,2,9,0,0,0,0,0,0,0,41.6,50.2,103.0,19.5,232
0,0,0,0,0,0,0,0,0,0,0,0,0,0.0,0.0,0.0,0.0,233
43,512,4,2,1,7,0,0,0,0,0,0,0,205.0,131.7,387.0,72.4,234
33,471,2,2,2,7,0,0,0,0,0,0,0,151.4,167.8,206.0,52.4,235
15,265,1,1,1,3,0,0,0,0,0,0,0,85.8,89.2,198.0,37.3,236
0,0,0,0,0,0,0,0,0,0,0,0,0,0.0,0.0,0.0,0.0,237
1,9,0,0,0,1,0,0,0,0,0,0,0,0.0,0.0,0.0,0.0,238
4,70,0,0,0,2,0,0,0,0,0,0,0,10.4,18.5,38.0,6.5,239
32,585,0,0,4,2,0,0,0,0,0,11,0,94.8,0.0,0.0,9.4,240
1,44,0,0,0,0,0,0,0,0,0,0,0,2.6,0.0,0.0,0.3,241
35,494,0,0,5,1,0,0,0,0,0,0,0,110.2,10.0,62.0,18.3,242
0,0,0,0,0,0,0,0,0,0,0,0,0,0.0,0.0,0.0,0.0,243
8,270,0,0,1,2,0,0,0,2,0,0,0,60.8,8.8,38.0,10.8,244
39,610,1,0,5,2,0,0,0,3,0,0,0,180.4,18.2,75.0,27.4,245
9,110,1,0,1,0,0,0,0,0,0,0,0,56.4,8.5,15.0,8.0,246
35,387,5,0,3,1,0,0,0,1,1,0,0,187.8,117.8,272.0,57.7,247
44,602,0,6,5,2,0,0,0,1,0,0,0,209.2,365.1,179.0,75.4,248
0,0,0,0,0,0,0,0,0,0,0,0,0,0.0,0.0,0.0,0.0,249
20,630,0,1,5,2,0,0,0,2,0,0,0,144.8,93.5,117.0,35.5,250
0,0,0,0,0,0,0,0,0,0,0,0,0,0.0,0.0,0.0,0.0,251
37,605,1,3,5,2,0,0,0,0,0,0,0,214.8,408.3,122.0,74.6,252
2,30,0,0,0,0,0,0,0,0,0,0,0,6.6,14.5,8.0,2.9,253
0,0,0,0,0,0,0,0,0,0,0,0,0,0.0,0.0,0.0,0.0,254
37,316,3,2,2,1,0,0,0,1,0,0,0,164.0,127.0,202.0,49.3,255
7,161,0,0,0,1,0,0,0,0,0,0,0,36.8,67.8,43.0,14.7,256
52,466,6,3,4,1,0,0,0,0,0,0,0,289.4,187.1,323.0,80.0,257
6,125,0,0,0,3,0,0,0,0,0,0,0,10.0,5.1,48.0,6.3,258
34,413,4,1,3,2,0,0,0,1,0,0,0,166.0,90.3,282.0,53.8,259
42,630,0,0,6,2,0,0,0,0,0,16,0,112.6,0.0,0.0,11.4,260
0,0,0,0,0,0,0,0,0,0,0,0,0,0.0,0.0,0.0,0.0,261
0,0,0,0,0,0,0,0,0,0,0,0,0,0.0,0.0,0.0,0.0,262
7,105,0,0,1,0,0,0,0,0,0,0,0,19.0,0.2,22.0,4.1,263
41,630,0,0,6,2,0,0,0,0,0,0,0,154.6,4.4,9.0,16.8,264
0,0,0,0,0,0,0,0,0,0,0,0,0,0.0,0.0,0.0,0.0,265
0,0,0,0,0,0,0,0,0,0,0,0,0,0.0,0.0,0.0,0.0,266
47,630,1,0,6,2,0,0,0,2,0,0,0,140.6,86.2,76.0,30.4,267
1,90,0,0,0,2,0,0,0,0,0,0,0,9.8,3.8,1.0,1.5,268
8,527,0,0,0,12,0,0,0,0,0,0,0,123.8,16.2,3.0,14.4,269
19,271,0,0,3,0,0,0,0,0,0,0,0,52.6,80.5,15.0,14.8,270
38,540,1,0,5,2,0,0,0,2,0,0,0,138.2,16.6,77.0,23.2,271
0,0,0,0,0,0,0,0,0,0,0,0,0,0.0,0.0,0.0,0.0,272
0,0,0,0,0,0,0,0,0,0,0,0,0,0.0,0.0,0.0,0.0,273
26,446,1,0,6,0,0,0,0,0,0,0,0,87.2,199.3,88.0,37.6,274
30,315,3,0,3,0,0,0,0,0,0,0,0,162.8,37.9,142.0,34.3,275
0,0,0,0,0,0,0,0,0,0,0,0,0,0.0,0.0,0.0,0.0,276
11,270,0,1,3,0,0,0,0,1,0,0,0,64.0,53.3,23.0,14.0,277
5,130,0,0,0,2,0,0,0,1,0,0,0,30.4,35.6,10.0,7.6,278
11,75,0,2,0,0,0,0,0,0,0,0,0,42.2,27.6,67.0,13.7,279
30,138,3,2,1,0,0,0,0,0,0,0,0,164.4,104.5,139.0,40.8,280
43,553,1,5,6,2,0,0,0,1,0,0,0,191.8,310.8,103.0,60.7,281
31,360,2,3,3,2,0,0,0,1,0,0,0,149.4,144.8,186.0,48.1,282
0,0,0,0,0,0,0,0,0,0,0,0,0,0.0,0.0,0.0,0.0,283
33,468,2,3,5,2,0,0,0,0,0,0,0,164.6,138.0,268.0,57.2,284
50,630,7,1,6,2,0,0,1,1,0,0,0,295.8,164.3,457.0,91.8,285
26,630,0,0,2,6,0,0,0,0,0,18,0,128.8,0.0,0.0,12.8,286
0,0,0,0,0,0,0,0,0,0,0,0,0,0.0,0.0,0.0,0.0,287
6,270,0,0,0,3,0,0,0,0,0,0,0,38.0,6.1,3.0,4.7,288
29,630,1,0,2,6,0,0,0,1,0,0,0,146.4,22.8,66.0,23.6,289
34,623,2,0,2,6,0,0,0,2,0,0,0,202.6,13.8,75.0,29.3,290
1,7,0,0,0,0,0,0,0,0,0,0,0,1.4,13.2,0.0,1.5,291
0,0,0,0,0,0,0,0,0,0,0,0,0,0.0,0.0,0.0,0.0,292
9,97,0,0,1,0,0,0,0,0,0,0,0,32.2,47.6,4.0,8.4,293
1,33,0,0,0,0,0,0,0,0,0,0,0,2.8,0.3,0.0,0.3,294
28,627,0,4,2,6,0,0,0,3,0,0,0,161.4,208.8,122.0,49.2,295
6,180,0,1,0,3,0,0,0,0,1,0,0,19.4,22.6,43.0,8.2,296
0,0,0,0,0,0,0,0,0,0,0,0,0,0.0,0.0,0.0,0.0,297
5,48,0,0,0,0,0,0,0,0,0,0,0,19.0,12.0,20.0,5.2,298
0,0,0,0,0,0,0,0,0,0,0,0,0,0.0,0.0,0.0,0.0,299
24,571,1,1,1,6,0,0,0,0,0,0,0,102.4,92.6,155.0,35.0,300
6,180,0,0,0,3,0,0,0,1,0,0,0,5.2,13.4,60.0,7.8,301
16,614,0,1,2,6,0,0,0,1,0,0,0,72.2,133.5,128.0,33.4,302
5,18,1,0,0,0,0,0,0,0,0,0,0,39.0,21.8,45.0,10.6,303
0,0,0,0,0,0,0,0,0,0,0,0,0,0.0,0.0,0.0,0.0,304
0,0,0,0,0,0,0,0,0,0,0,0,0,0.0,0.0,0.0,0.0,305
40,630,0,0,3,7,0,1,0,0,0,24,0,185.4,0.0,0.0,18.6,306
25,625,0,0,3,7,0,0,0,0,0,0,0,83.8,125.3,78.0,28.8,307
35,540,1,1,3,5,0,0,0,0,0,0,0,152.2,13.7,80.0,24.6,308
0,0,0,0,0,0,0,0,0,0,0,0,0,0.0,0.0,0.0,0.0,309
23,622,0,0,3,7,0,0,0,0,0,0,0,104.6,88.7,100.0,29.4,310
2,93,0,0,0,2,0,0,0,0,0,0,0,38.6,4.8,30.0,7.3,311
0,0,0,0,0,0,0,0,0,0,0,0,0,0.0,0.0,0.0,0.0,312
15,360,0,0,2,4,0,0,0,0,0,0,0,95.6,13.5,42.0,15.1,313
2,20,0,0,0,0,0,0,0,0,0,0,0,2.6,10.6,0.0,1.3,314
0,0,0,0,0,0,0,0,0,0,0,0,0,0.0,0.0,0.0,0.0,315
28,571,1,1,3,6,0,0,0,0,0,0,0,135.8,167.8,60.0,36.4,316
8,171,0,0,1,2,0,0,0,0,0,0,0,23.2,81.8,53.0,15.6,317
19,564,1,0,3,6,0,0,0,2,0,0,0,118.6,228.2,145.0,49.3,318
0,0,0,0,0,0,0,0,0,0,0,0,0,0.0,0.0,0.0,0.0,319
14,630,0,0,3,7,0,0,0,3,0,0,0,125.0,132.1,88.0,34.5,320
0,0,0,0,0,0,0,0,0,0,0,0,0,0.0,0.0,0.0,0.0,321
4,118,0,0,0,3,0,0,0,0,0,0,0,24.4,59.8,17.0,10.1,322
0,0,0,0,0,0,0,0,0,0,0,0,0,0.0,0.0,0.0,0.0,323
19,600,0,1,3,6,0,0,0,1,0,0,0,78.8,225.4,201.0,50.6,324
10,319,0,1,1,3,0,0,0,2,0,0,0,38.0,97.0,90.0,22.3,325
11,61,1,0,0,0,0,0,0,0,0,0,0,38.0,15.1,51.0,10.3,326
16,326,1,0,2,5,0,0,0,0,0,0,0,41.0,44.4,65.0,13.7,327
22,630,0,0,1,11,0,0,0,0,0,20,0,162.4,10.0,0.0,17.3,328
0,0,0,0,0,0,0,0,0,0,0,0,0,0.0,0.0,0.0,0.0,329
10,270,0,0,1,2,0,0,0,0,0,0,0,79.8,10.6,14.0,10.4,330
13,383,0,0,1,3,0,0,0,0,0,0,0,72.8,24.4,28.0,12.5,331
13,628,0,0,1,11,0,0,0,1,0,0,0,110.6,84.9,4.0,20.0,332
0,0,0,0,0,0,0,0,0,0,0,0,0,0.0,0.0,0.0,0.0,333
0,0,0,0,0,0,0,0,0,0,0,0,0,0.0,0.0,0.0,0.0,334
1,91,0,0,0,4,0,0,0,0,0,0,0,11.8,1.2,0.0,1.3,335
0,0,0,0,0,0,0,0,0,0,0,0,0,0.0,0.0,0.0,0.0,336
16,623,0,1,1,11,0,0,0,3,0,0,0,101.8,94.1,69.0,26.5,337
0,0,0,0,0,0,0,0,0,0,0,0,0,0.0,0.0,0.0,0.0,338
0,0,0,0,0,0,0,0,0,0,0,0,0,0.0,0.0,0.0,0.0,339
3,219,0,0,0,10,0,0,0,0,1,0,0,7.0,52.1,41.0,9.8,340
2,17,0,0,0,2,0,0,0,0,0,0,0,2.2,1.1,0.0,0.3,341
25,560,1,2,0,11,0,0,0,1,0,0,0,162.4,283.5,113.0,56.0,342
0,0,0,0,0,0,0,0,0,0,0,0,0,0.0,0.0,0.0,0.0,343
2,71,0,0,0,1,0,0,0,0,0,0,0,0.0,13.3,6.0,1.9,344
8,158,0,1,0,5,0,0,0,0,0,0,0,24.0,29.9,10.0,6.4,345
15,630,0,0,1,11,0,0,0,0,0,0,0,84.2,89.3,38.0,21.2,346
15,101,2,0,0,3,0,0,0,1,0,0,0,73.2,34.4,88.0,19.6,347
22,540,1,1,1,10,0,0,0,0,0,0,0,106.8,59.5,137.0,30.3,348
8,220,0,1,2,1,0,0,1,0,0,0,0,27.6,29.7,52.0,10.9,349
33,630,0,0,3,8,0,0,0,0,0,29,0,189.4,0.0,0.0,18.9,350
0,0,0,0,0,0,0,0,0,0,0,0,0,0.0,0.0,0.0,0.0,351
29,627,0,1,3,8,0,0,0,1,0,0,0,149.6,63.4,12.0,22.7,352
1,2,0,0,0,0,0,0,0,0,0,0,0,1.2,0.5,0.0,0.2,353
28,630,0,0,3,8,0,0,0,0,0,0,0,191.2,2.6,10.0,20.4,354
0,0,0,0,0,0,0,0,0,0,0,0,0,0.0,0.0,0.0,0.0,355
13,198,0,0,2,1,0,0,0,1,0,0,0,42.8,1.0,21.0,6.6,356
23,630,0,0,3,8,0,0,0,0,0,0,0,118.6,1.9,34.0,15.5,357
27,626,0,0,4,7,0,0,0,0,0,0,0,66.8,44.4,8.0,11.9,358
11,479,0,0,0,12,0,0,0,0,0,0,0,61.8,193.2,137.0,39.2,359
5,133,0,0,1,3,0,0,0,1,0,0,0,13.4,17.4,4.0,3.4,360
5,141,0,0,2,0,0,0,0,1,0,0,0,9.2,2.3,0.0,1.1,361
0,16,0,0,0,0,0,0,0,1,0,0,0,0.0,0.1,0.0,0.0,362
0,0,0,0,0,0,0,0,0,0,0,0,0,0.0,0.0,0.0,0.0,363
0,0,0,0,0,0,0,0,0,0,0,0,0,0.0,0.0,0.0,0.0,364
14,527,0,1,2,8,0,0,0,3,0,0,0,90.8,85.0,44.0,22.1,365
0,0,0,0,0,0,0,0,0,0,0,0,0,0.0,0.0,0.0,0.0,366
16,625,0,0,3,8,0,0,0,1,0,0,0,89.2,172.7,50.0,31.2,367
0,0,0,0,0,0,0,0,0,0,0,0,0,0.0,0.0,0.0,0.0,368
2,27,0,0,0,3,0,0,0,0,0,0,0,6.4,1.2,17.0,2.5,369
4,132,0,0,0,3,0,0,0,0,0,0,0,17.0,19.2,7.0,4.3,370
1,17,0,0,0,0,0,0,0,1,0,0,0,0.2,1.8,4.0,0.7,371
3,24,0,0,0,1,0,0,0,0,0,0,0,0.2,3.5,2.0,0.6,372
18,630,1,0,3,8,0,0,0,0,0,0,0,86.8,57.1,70.0,21.5,373
26,535,2,0,3,6,0,0,0,0,0,0,0,99.6,39.1,167.0,30.4,374
29,630,0,0,4,5,0,0,0,0,0,9,0,87.2,0.0,0.0,8.7,375
0,0,0,0,0,0,0,0,0,0,0,0,0,0.0,0.0,0.0,0.0,376
27,630,0,0,4,5,0,0,0,3,0,0,0,143.6,49.9,26.0,22.0,377
0,0,0,0,0,0,0,0,0,0,0,0,0,0.0,0.0,0.0,0.0,378
35,493,0,2,5,1,0,0,0,0,1,0,0,99.2,79.0,20.0,19.7,379
28,630,0,0,4,5,0,0,0,1,0,0,0,156.0,64.7,39.0,26.0,380
49,529,2,3,3,4,0,0,0,1,0,0,0,211.4,235.4,110.0,55.8,381
34,453,0,3,3,4,0,0,0,0,0,0,0,118.2,119.3,8.0,24.6,382
3,270,0,0,0,5,0,0,0,1,0,0,0,54.4,1.7,0.0,5.7,383
16,607,0,0,4,4,0,0,0,2,0,0,0,101.6,65.4,49.0,21.8,384
8,288,0,0,1,3,0,0,0,0,0,0,0,46.8,49.7,35.0,13.1,385
0,0,0,0,0,0,0,0,0,0,0,0,0,0.0,0.0,0.0,0.0,386
45,573,2,3,5,3,0,0,0,0,0,0,0,188.6,292.5,251.0,73.3,387
35,621,2,2,4,5,0,0,0,1,0,0,0,143.2,203.8,246.0,59.4,388
3,98,0,0,0,2,0,0,0,0,0,0,0,23.4,25.2,14.0,6.2,389
10,204,0,0,2,1,0,0,0,0,0,0,0,30.8,86.1,120.0,23.6,390
7,122,0,0,1,2,0,0,0,0,0,0,0,31.6,21.1,0.0,5.3,391
0,0,0,0,0,0,0,0,0,0,0,0,0,0.0,0.0,0.0,0.0,392
17,318,1,0,2,3,0,0,0,0,0,0,0,71.4,110.2,87.0,26.8,393
45,618,6,0,4,5,0,0,0,2,0,0,0,230.0,104.7,563.0,89.9,394
1,1,0,0,0,0,0,0,0,0,0,0,0,0.0,0.0,0.0,0.0,395
0,0,0,0,0,0,0,0,0,0,0,0,0,0.0,0.0,0.0,0.0,396
24,630,0,0,3,12,0,0,0,0,0,15,0,110.2,0.1,0.0,11.0,397
7,151,0,0,1,3,0,0,0,0,0,0,0,47.4,0.9,2.0,5.0,398
1,19,0,0,0,0,0,0,0,0,0,0,0,2.4,0.2,0.0,0.3,399
12,180,0,0,2,0,0,0,0,0,0,0,0,42.0,10.5,0.0,5.3,400
23,540,0,2,2,12,0,0,0,1,0,0,0,157.4,146.2,13.0,31.7,401
10,203,1,0,1,3,0,0,0,1,1,0,0,67.0,1.8,42.0,11.1,402
15,458,0,0,2,9,0,0,0,0,0,0,0,121.4,11.8,6.0,13.9,403
7,135,1,0,0,6,0,0,0,0,0,0,0,70.6,15.3,7.0,9.4,404
3,299,0,0,0,9,0,0,0,0,0,0,0,68.4,11.4,4.0,8.3,405
0,0,0,0,0,0,0,0,0,0,0,0,0,0.0,0.0,0.0,0.0,406
31,493,0,1,3,6,0,0,0,0,0,0,0,111.0,65.1,12.0,18.9,407
20,603,0,1,3,10,0,0,0,0,0,0,0,74.0,100.0,50.0,22.4,408
9,136,1,0,0,4,0,0,0,1,0,0,0,52.0,31.8,41.0,12.5,409
0,0,0,0,0,0,0,0,0,0,0,0,0,0.0,0.0,0.0,0.0,410
0,0,0,0,0,0,0,0,0,0,0,0,0,0.0,0.0,0.0,0.0,411
6,198,0,0,1,3,0,0,0,0,0,0,0,22.8,46.5,10.0,8.0,412
0,0,0,0,0,0,0,0,0,0,0,0,0,0.0,0.0,0.0,0.0,413
38,630,3,0,3,12,0,0,0,2,0,0,0,197.6,111.9,83.0,39.4,414
4,118,0,0,0,3,0,0,0,0,0,0,0,6.2,11.4,32.0,4.9,415
0,0,0,0,0,0,0,0,0,0,0,0,0,0.0,0.0,0.0,0.0,416
9,123,0,1,0,4,0,0,0,0,0,0,0,35.4,26.1,25.0,8.7,417
7,62,1,0,0,3,0,0,0,0,0,0,0,35.2,15.6,33.0,8.4,418
0,0,0,0,0,0,0,0,0,0,0,0,0,0.0,0.0,0.0,0.0,419
0,0,0,0,0,0,0,0,0,0,0,0,0,0.0,0.0,0.0,0.0,420
25,630,0,0,3,8,0,0,0,1,0,12,0,88.6,10.0,0.0,9.9,421
25,438,0,1,2,6,0,0,0,1,0,0,0,98.8,53.6,10.0,16.3,422
13,360,1,0,1,7,0,0,0,2,0,0,0,93.0,3.0,33.0,12.9,423
23,630,0,0,3,8,0,0,0,1,0,0,0,120.0,30.1,40.0,19.1,424
0,0,0,0,0,0,0,0,0,0,0,0,0,0.0,0.0,0.0,0.0,425
12,430,0,0,2,6,0,0,0,1,0,0,0,32.8,60.6,13.0,10.7,426
0,0,0,0,0,0,0,0,0,0,0,0,0,0.0,0.0,0.0,0.0,427
13,205,1,0,2,1,0,0,0,0,0,0,0,56.0,40.4,47.0,14.5,428
3,110,0,0,1,1,0,0,0,1,0,0,0,13.2,1.5,18.0,3.3,429
7,214,0,0,2,2,0,0,0,2,0,0,0,31.6,60.6,71.0,16.3,430
0,0,0,0,0,0,0,0,0,0,0,0,0,0.0,0.0,0.0,0.0,431
22,472,0,2,4,4,0,0,0,0,0,0,0,69.2,124.7,81.0,27.3,432
6,154,0,0,2,0,0,0,0,0,0,0,0,11.8,1.6,2.0,1.6,433
19,402,0,1,3,2,0,0,0,0,0,0,0,83.0,130.4,5.0,21.8,434
11,250,1,0,0,5,0,0,0,1,0,0,0,36.2,7.0,70.0,10.4,435
7,136,1,0,0,2,0,0,0,1,1,0,0,44.8,24.4,48.0,11.2,436
16,624,1,0,3,8,0,0,0,2,0,0,0,68.4,65.5,189.0,32.3,437
0,0,0,0,0,0,0,0,0,0,0,0,0,0.0,0.0,0.0,0.0,438
0,0,0,0,0,0,0,0,0,0,0,0,0,0.0,0.0,0.0,0.0,439
29,433,0,2,3,6,0,0,0,0,0,0,0,116.2,53.6,76.0,24.6,440
8,237,0,0,1,3,0,0,0,0,0,0,0,64.2,12.1,10.0,8.7,441
21,450,0,0,3,7,0,0,0,1,0,0,0,116.8,2.0,6.0,12.6,442
24,549,0,0,3,11,0,0,0,0,0,0,0,92.4,184.6,32.0,31.0,443
2,360,0,0,0,13,0,0,0,1,0,0,0,66.6,12.4,0.0,8.0,444
0,0,0,0,0,0,0,0,0,0,0,0,0,0.0,0.0,0.0,0.0,445
9,108,0,2,0,2,0,0,0,0,0,0,0,65.2,48.9,0.0,11.4,446
21,630,0,0,3,13,0,0,0,4,0,0,0,142.6,81.2,2.0,22.7,447
0,0,0,0,0,0,0,0,0,0,0,0,0,0.0,0.0,0.0,0.0,448
21,367,1,1,1,7,0,0,0,1,0,0,0,76.4,36.8,75.0,18.8,449
11,371,0,0,1,9,0,0,0,0,0,0,0,74.6,89.2,16.0,18.1,450
17,379,1,0,3,5,0,0,0,1,0,0,0,68.0,27.5,25.0,12.0,451
17,284,1,0,2,5,0,0,0,0,0,0,0,98.6,24.6,10.0,13.4,452
2,73,0,0,0,2,0,0,0,0,0,0,0,8.0,3.8,1.0,1.3,453
16,454,0,1,3,5,0,0,0,1,0,0,0,52.2,111.5,114.0,27.8,454
0,0,0,0,0,0,0,0,0,0,0,0,0,0.0,0.0,0.0,0.0,455
3,171,0,0,0,6,0,0,0,1,0,0,0,9.6,14.0,26.0,4.9,456
6,314,0,0,3,3,0,0,0,2,0,0,0,6.8,38.8,169.0,20.7,457
12,100,1,1,0,5,0,0,0,2,0,0,0,39.8,16.2,62.0,11.7,458
0,0,0,0,0,0,0,0,0,0,0,0,0,0.0,0.0,0.0,0.0,459
0,0,0,0,0,0,0,0,0,0,0,0,0,0.0,0.0,0.0,0.0,460
18,540,0,0,2,7,0,0,0,0,0,0,0,73.6,24.4,8.0,10.5,461
1,57,0,0,0,3,0,0,0,0,0,0,0,14.4,1.7,2.0,1.8,462
14,402,0,1,1,3,0,0,0,0,0,0,0,97.0,47.2,24.0,16.8,463
5,390,0,0,0,9,0,0,0,1,0,0,0,84.8,106.2,8.0,20.1,464
0,0,0,0,0,0,0,0,0,0,0,0,0,0.0,0.0,0.0,0.0,465
0,0,0,0,0,0,0,0,0,0,0,0,0,0.0,0.0,0.0,0.0,466
0,0,0,0,0,0,0,0,0,0,0,0,0,0.0,0.0,0.0,0.0,467
33,596,1,0,3,7,0,0,0,0,0,0,0,172.6,12.5,85.0,27.1,468
21,324,0,0,2,1,0,0,0,1,0,17,0,121.6,10.0,0.0,13.1,469
13,345,0,0,1,5,0,0,0,0,0,0,0,96.4,13.1,8.0,11.8,470
1,1,0,0,0,0,0,0,0,0,0,0,0,0.0,0.0,0.0,0.0,471
49,488,6,2,4,1,0,0,0,1,0,0,0,256.2,87.3,348.0,69.1,472
0,0,0,0,0,0,0,0,0,0,0,0,0,0.0,0.0,0.0,0.0,473
8,338,0,0,1,6,0,0,0,1,0,0,0,37.4,16.4,18.0,7.3,474
11,180,0,0,1,1,0,0,0,0,0,0,0,28.4,65.1,24.0,11.8,475
0,0,0,0,0,0,0,0,0,0,0,0,0,0.0,0.0,0.0,0.0,476
18,450,0,0,2,4,0,0,0,0,0,0,0,68.4,80.9,10.0,16.0,477
3,70,0,0,0,0,0,0,0,0,0,0,0,0.2,1.0,32.0,3.3,478
22,630,0,0,3,13,0,0,0,0,0,15,0,95.2,0.0,0.0,9.5,479
0,0,0,0,0,0,0,0,0,0,0,0,0,0.0,0.0,0.0,0.0,480
3,98,0,0,0,2,0,0,0,0,0,0,0,4.8,6.3,2.0,1.4,481
3,120,0,0,0,4,0,0,0,0,0,0,0,25.0,4.8,6.0,3.4,482
24,334,0,1,3,1,0,0,0,1,0,0,0,65.2,46.0,73.0,18.5,483
17,298,0,1,2,1,0,0,0,2,0,0,0,68.4,100.9,27.0,19.7,484
3,75,0,0,0,1,0,0,0,0,0,0,0,32.6,0.3,6.0,3.9,485
1,1,0,0,0,0,0,0,0,0,0,0,0,2.0,0.3,2.0,0.4,486
27,575,3,0,3,13,0,0,0,2,0,0,0,132.6,116.7,193.0,44.0,487
21,412,2,0,2,3,0,0,0,1,0,0,0,103.8,76.1,262.0,43.9,488
0,0,0,0,0,0,0,0,0,0,0,0,0,0.0,0.0,0.0,0.0,489
16,630,0,0,2,9,0,0,0,0,0,0,0,91.4,41.0,56.0,18.9,490
0,0,0,0,0,0,0,0,0,0,0,0,0,0.0,0.0,0.0,0.0,491
0,0,0,0,0,0,0,0,0,0,0,0,0,0.0,0.0,0.0,0.0,492
0,0,0,0,0,0,0,0,0,0,0,0,0,0.0,0.0,0.0,0.0,493
15,408,0,0,1,5,0,0,0,0,0,0,0,98.8,43.1,4.0,14.6,494
13,537,0,0,2,4,0,0,0,2,0,0,0,136.6,81.6,40.0,25.8,495
12,465,0,0,2,5,0,0,0,3,0,0,0,69.6,69.9,36.0,17.5,496
30,558,2,1,1,10,0,0,0,0,0,0,0,127.0,83.1,382.0,59.2,497
7,98,0,0,1,0,0,0,0,0,0,0,0,18.6,21.0,4.0,4.4,498
0,0,0,0,0,0,0,0,0,0,0,0,0,0.0,0.0,0.0,0.0,499
12,392,0,0,2,4,0,0,0,0,0,0,0,87.8,70.2,35.0,19.4,500
40,570,3,2,3,11,0,0,0,1,0,0,0,187.6,122.1,300.0,60.9,501
1,19,0,0,0,0,0,0,0,0,0,0,0,5.0,0.2,0.0,0.5,502
0,0,0,0,0,0,0,0,0,0,0,0,0,0.0,0.0,0.0,0.0,503
0,0,0,0,0,0,0,0,0,0,0,0,0,0.0,0.0,0.0,0.0,504
1,16,0,0,0,1,0,0,0,0,0,0,0,0.4,1.1,0.0,0.2,505
0,0,0,0,0,0,0,0,0,0,0,0,0,0.0,0.0,0.0,0.0,506
1,20,0,0,0,0,0,0,0,0,0,0,0,6.6,20.4,0.0,2.7,507
0,0,0,0,0,0,0,0,0,0,0,0,0,0.0,0.0,0.0,0.0,508
1,17,0,0,0,0,0,0,0,0,0,0,0,0.0,1.0,0.0,0.0,509
3,150,0,0,0,5,0,0,0,0,0,0,0,25.4,2.4,0.0,2.8,510
0,0,0,0,0,0,0,0,0,0,0,0,0,0.0,0.0,0.0,0.0,511
18,326,1,0,1,6,0,0,0,0,0,0,0,67.0,58.9,85.0,21.1,512
5,301,0,0,0,7,0,0,0,0,0,0,0,66.6,46.8,9.0,12.3,513
0,0,0,0,0,0,0,0,0,0,0,0,0,0.0,0.0,0.0,0.0,514
1,13,0,0,0,0,0,0,0,0,0,0,0,5.2,0.3,0.0,0.6,515
0,0,0,0,0,0,0,0,0,0,0,0,0,0.0,0.0,0.0,0.0,516
4,98,0,0,0,2,0,0,0,0,0,0,0,1.4,14.0,20.0,3.6,517
21,389,2,0,3,1,0,0,0,0,0,0,0,94.0,32.0,118.0,24.4,518
10,318,0,0,2,3,0,0,0,0,0,0,0,47.6,28.8,1.0,7.7,519
20,361,0,0,3,2,0,0,0,0,0,0,0,88.2,1.6,4.0,9.3,520
1,1,0,0,0,0,0,0,0,0,0,0,0,0.2,0.3,0.0,0.1,521
8,158,0,1,1,2,0,0,0,1,0,0,0,24.6,27.2,49.0,10.0,522
0,0,0,0,0,0,0,0,0,0,0,0,0,0.0,0.0,0.0,0.0,523
5,35,0,1,0,1,0,0,0,0,0,0,0,23.2,27.8,5.0,5.6,524
10,270,0,0,1,3,0,0,0,0,0,0,0,58.8,13.3,20.0,9.2,525
0,0,0,0,0,0,0,0,0,0,0,0,0,0.0,0.0,0.0,0.0,526
13,370,0,1,1,9,0,0,0,0,0,0,0,33.4,16.6,69.0,11.9,527
0,0,0,0,0,0,0,0,0,0,0,0,0,0.0,0.0,0.0,0.0,528
0,0,0,0,0,0,0,0,0,0,0,0,0,0.0,0.0,0.0,0.0,529
0,0,0,0,0,0,0,0,0,0,0,0,0,0.0,0.0,0.0,0.0,530
0,0,0,0,0,0,0,0,0,0,0,0,0,0.0,0.0,0.0,0.0,531
-1,96,0,0,0,2,0,0,0,0,1,0,0,16.0,9.6,8.0,3.4,532
12,360,0,1,1,7,0,0,0,1,0,0,0,75.2,29.8,4.0,10.9,533
0,0,0,0,0,0,0,0,0,0,0,0,0,0.0,0.0,0.0,0.0,534
6,220,0,0,1,2,0,0,0,1,0,0,0,26.4,42.8,6.0,7.5,535
0,0,0,0,0,0,0,0,0,0,0,0,0,0.0,0.0,0.0,0.0,536
0,0,0,0,0,0,0,0,0,0,0,0,0,0.0,0.0,0.0,0.0,537
1,18,0,0,0,0,0,0,0,0,0,0,0,4.6,14.4,2.0,2.1,538
3,78,0,0,0,1,0,0,0,0,0,0,0,8.2,14.0,12.0,3.4,539
0,0,0,0,0,0,0,0,0,0,0,0,0,0.0,0.0,0.0,0.0,540
0,0,0,0,0,0,0,0,0,0,0,0,0,0.0,0.0,0.0,0.0,541
7,168,0,1,0,2,0,0,0,1,0,0,0,11.8,15.1,52.0,7.1,542
1,16,0,0,0,0,0,0,0,0,0,0,0,0.0,1.5,4.0,0.4,543
1,25,0,0,0,0,0,0,0,0,0,0,0,4.2,0.5,18.0,2.3,544
0,0,0,0,0,0,0,0,0,0,0,0,0,0.0,0.0,0.0,0.0,545
1,1,0,0,0,0,0,0,0,0,0,0,0,0.0,0.0,0.0,0.0,546
0,0,0,0,0,0,0,0,0,0,0,0,0,0.0,0.0,0.0,0.0,547
13,116,2,0,0,1,0,0,0,1,0,0,0,66.0,13.0,106.0,18.5,548
0,0,0,0,0,0,0,0,0,0,0,0,0,0.0,0.0,0.0,0.0,549
0,0,0,0,0,0,0,0,0,0,0,0,0,0.0,0.0,0.0,0.0,550
0,0,0,0,0,0,0,0,0,0,0,0,0,0.0,0.0,0.0,0.0,551
0,0,0,0,0,0,0,0,0,0,0,0,0,0.0,0.0,0.0,0.0,552
0,0,0,0,0,0,0,0,0,0,0,0,0,0.0,0.0,0.0,0.0,553
0,0,0,0,0,0,0,0,0,0,0,0,0,0.0,0.0,0.0,0.0,554
